id,kode,nama,nama_en,jenjang,kategori,rumpun,fakultas,fakultas_singkatan,lokasi,akreditasi,akreditasi_skor,akreditasi_internasional,daya_tampung,dt_snbp,dt_snbt,dt_umugm,website,ukt_rentang
s1-akuntansi,31101,Akuntansi,Accounting,S1,Sarjana,Soshum,Fakultas Ekonomika dan Bisnis,FEB,Kampus UGM Bulaksumur (Yogyakarta),Unggul,388,AACSB,150,45,45,60,https://feb.ugm.ac.id/akuntansi,UKT Pendidikan Unggul Bersubsidi 100% (Rp 0) s/d UKT Unggul (Rp 10.000.000)
s1-manajemen,31102,Manajemen,Management,S1,Sarjana,Soshum,Fakultas Ekonomika dan Bisnis,FEB,Kampus UGM Bulaksumur (Yogyakarta),Unggul,386,AACSB,150,45,45,60,https://feb.ugm.ac.id/manajemen,UKT Pendidikan Unggul Bersubsidi 100% (Rp 0) s/d UKT Unggul (Rp 10.000.000)
s1-ilmu-ekonomi,31103,Ilmu Ekonomi,Economics,S1,Sarjana,Soshum,Fakultas Ekonomika dan Bisnis,FEB,Kampus UGM Bulaksumur (Yogyakarta),Unggul,384,AACSB,100,30,30,40,https://feb.ugm.ac.id/ilmu-ekonomi,UKT Pendidikan Unggul Bersubsidi 100% (Rp 0) s/d UKT Unggul (Rp 10.000.000)
s1-kedokteran,31201,Kedokteran,Medicine,S1,Sarjana,Medika,"Fakultas Kedokteran, Kesehatan Masyarakat, dan Keperawatan",FK-KMK,Kampus UGM Bulaksumur (Yogyakarta),Unggul,392,ASIIN,180,54,54,72,https://fk.ugm.ac.id,UKT Pendidikan Unggul Bersubsidi 100% (Rp 0) s/d UKT Unggul (Rp 24.700.000)
s1-keperawatan,31202,Ilmu Keperawatan,Nursing Science,S1,Sarjana,Medika,"Fakultas Kedokteran, Kesehatan Masyarakat, dan Keperawatan",FK-KMK,Kampus UGM Bulaksumur (Yogyakarta),Unggul,382,ASIIN,120,36,36,48,https://fk.ugm.ac.id/keperawatan,UKT Pendidikan Unggul Bersubsidi 100% (Rp 0) s/d UKT Unggul (Rp 12.000.000)
s1-gizi-kesehatan,31203,Gizi Kesehatan,Health Nutrition,S1,Sarjana,Medika,"Fakultas Kedokteran, Kesehatan Masyarakat, dan Keperawatan",FK-KMK,Kampus UGM Bulaksumur (Yogyakarta),Unggul,380,ASIIN,100,30,30,40,https://gizi.fk.ugm.ac.id,UKT Pendidikan Unggul Bersubsidi 100% (Rp 0) s/d UKT Unggul (Rp 12.000.000)
s1-kedokteran-gigi,31301,Kedokteran Gigi,Dentistry,S1,Sarjana,Medika,Fakultas Kedokteran Gigi,FKG,Kampus UGM Bulaksumur (Yogyakarta),Unggul,384,AUN-QA,150,45,45,60,https://fkg.ugm.ac.id,UKT Pendidikan Unggul Bersubsidi 100% (Rp 0) s/d UKT Unggul (Rp 23.500.000)
s1-higiene-gigi,31302,Higiene Gigi,Dental Hygiene,S1,Sarjana,Medika,Fakultas Kedokteran Gigi,FKG,Kampus UGM Bulaksumur (Yogyakarta),Unggul,368,,50,15,15,20,https://fkg.ugm.ac.id/higiene-gigi,UKT Pendidikan Unggul Bersubsidi 100% (Rp 0) s/d UKT Unggul (Rp 10.000.000)
s1-farmasi,31401,Farmasi,Pharmacy,S1,Sarjana,Medika,Fakultas Farmasi,Farmasi,Kampus UGM Bulaksumur (Yogyakarta),Unggul,388,ASIIN,240,72,72,96,https://farmasi.ugm.ac.id,UKT Pendidikan Unggul Bersubsidi 100% (Rp 0) s/d UKT Unggul (Rp 15.000.000)
s1-teknik-sipil,31501,Teknik Sipil,Civil Engineering,S1,Sarjana,Saintek,Fakultas Teknik,FT,Kampus UGM Bulaksumur (Yogyakarta),Unggul,388,ABET; IABEE,180,54,54,72,https://tsipil.ugm.ac.id,UKT Pendidikan Unggul Bersubsidi 100% (Rp 0) s/d UKT Unggul (Rp 12.300.000)
s1-arsitektur,31502,Arsitektur,Architecture,S1,Sarjana,Saintek,Fakultas Teknik,FT,Kampus UGM Bulaksumur (Yogyakarta),Unggul,384,KAAB; IABEE,80,24,24,32,https://arsitektur.ugm.ac.id,UKT Pendidikan Unggul Bersubsidi 100% (Rp 0) s/d UKT Unggul (Rp 12.300.000)
s1-perencanaan-wilayah-dan-kota,31503,Perencanaan Wilayah dan Kota,Urban and Regional Planning,S1,Sarjana,Saintek,Fakultas Teknik,FT,Kampus UGM Bulaksumur (Yogyakarta),Unggul,382,IABEE,80,24,24,32,https://pwk.ugm.ac.id,UKT Pendidikan Unggul Bersubsidi 100% (Rp 0) s/d UKT Unggul (Rp 12.300.000)
s1-teknik-mesin,31504,Teknik Mesin,Mechanical Engineering,S1,Sarjana,Saintek,Fakultas Teknik,FT,Kampus UGM Bulaksumur (Yogyakarta),Unggul,386,ABET; IABEE,140,42,42,56,https://me.ugm.ac.id,UKT Pendidikan Unggul Bersubsidi 100% (Rp 0) s/d UKT Unggul (Rp 12.300.000)
s1-teknik-industri,31505,Teknik Industri,Industrial Engineering,S1,Sarjana,Saintek,Fakultas Teknik,FT,Kampus UGM Bulaksumur (Yogyakarta),Unggul,384,ABET; IABEE,140,42,42,56,https://ti.ugm.ac.id,UKT Pendidikan Unggul Bersubsidi 100% (Rp 0) s/d UKT Unggul (Rp 12.300.000)
s1-teknik-kimia,31506,Teknik Kimia,Chemical Engineering,S1,Sarjana,Saintek,Fakultas Teknik,FT,Kampus UGM Bulaksumur (Yogyakarta),Unggul,386,ABET; IABEE,150,45,45,60,https://chemeng.ugm.ac.id,UKT Pendidikan Unggul Bersubsidi 100% (Rp 0) s/d UKT Unggul (Rp 12.300.000)
s1-teknik-elektro,31507,Teknik Elektro,Electrical Engineering,S1,Sarjana,Saintek,Fakultas Teknik,FT,Kampus UGM Bulaksumur (Yogyakarta),Unggul,388,ABET; IABEE,110,33,33,44,https://jteti.ugm.ac.id,UKT Pendidikan Unggul Bersubsidi 100% (Rp 0) s/d UKT Unggul (Rp 12.300.000)
s1-teknologi-informasi,31508,Teknologi Informasi,Information Technology,S1,Sarjana,Saintek,Fakultas Teknik,FT,Kampus UGM Bulaksumur (Yogyakarta),Unggul,388,ABET; IABEE,110,33,33,44,https://jteti.ugm.ac.id,UKT Pendidikan Unggul Bersubsidi 100% (Rp 0) s/d UKT Unggul (Rp 12.300.000)
s1-teknik-biomedis,31509,Teknik Biomedis,Biomedical Engineering,S1,Sarjana,Saintek,Fakultas Teknik,FT,Kampus UGM Bulaksumur (Yogyakarta),Unggul,380,IABEE,60,18,18,24,https://jteti.ugm.ac.id/biomedis,UKT Pendidikan Unggul Bersubsidi 100% (Rp 0) s/d UKT Unggul (Rp 12.300.000)
s1-teknik-geodesi,31510,Teknik Geodesi,Geodetic Engineering,S1,Sarjana,Saintek,Fakultas Teknik,FT,Kampus UGM Bulaksumur (Yogyakarta),Unggul,382,ABET; IABEE,140,42,42,56,https://geodesi.ugm.ac.id,UKT Pendidikan Unggul Bersubsidi 100% (Rp 0) s/d UKT Unggul (Rp 12.300.000)
s1-teknik-geologi,31511,Teknik Geologi,Geological Engineering,S1,Sarjana,Saintek,Fakultas Teknik,FT,Kampus UGM Bulaksumur (Yogyakarta),Unggul,384,ABET; IABEE,140,42,42,56,https://geologi.ugm.ac.id,UKT Pendidikan Unggul Bersubsidi 100% (Rp 0) s/d UKT Unggul (Rp 12.300.000)
s1-teknik-nuklir,31512,Teknik Nuklir,Nuclear Engineering,S1,Sarjana,Saintek,Fakultas Teknik,FT,Kampus UGM Bulaksumur (Yogyakarta),Unggul,382,ABET; IABEE,60,18,18,24,https://tf.ugm.ac.id/nuklir,UKT Pendidikan Unggul Bersubsidi 100% (Rp 0) s/d UKT Unggul (Rp 12.300.000)
s1-teknik-fisika,31513,Teknik Fisika,Engineering Physics,S1,Sarjana,Saintek,Fakultas Teknik,FT,Kampus UGM Bulaksumur (Yogyakarta),Unggul,380,ABET; IABEE,120,36,36,48,https://tf.ugm.ac.id,UKT Pendidikan Unggul Bersubsidi 100% (Rp 0) s/d UKT Unggul (Rp 12.300.000)
s1-ilmu-komputer,31601,Ilmu Komputer,Computer Science,S1,Sarjana,Saintek,Fakultas Matematika dan Ilmu Pengetahuan Alam,FMIPA,Kampus UGM Bulaksumur (Yogyakarta),Unggul,388,ASIIN,90,27,27,36,https://dcse.fmipa.ugm.ac.id,UKT Pendidikan Unggul Bersubsidi 100% (Rp 0) s/d UKT Unggul (Rp 11.000.000)
s1-statistika,31602,Statistika,Statistics,S1,Sarjana,Saintek,Fakultas Matematika dan Ilmu Pengetahuan Alam,FMIPA,Kampus UGM Bulaksumur (Yogyakarta),Unggul,384,ASIIN,80,24,24,32,https://math.fmipa.ugm.ac.id/statistika,UKT Pendidikan Unggul Bersubsidi 100% (Rp 0) s/d UKT Unggul (Rp 11.000.000)
s1-matematika,31603,Matematika,Mathematics,S1,Sarjana,Saintek,Fakultas Matematika dan Ilmu Pengetahuan Alam,FMIPA,Kampus UGM Bulaksumur (Yogyakarta),Unggul,382,ASIIN,80,24,24,32,https://math.fmipa.ugm.ac.id,UKT Pendidikan Unggul Bersubsidi 100% (Rp 0) s/d UKT Unggul (Rp 11.000.000)
s1-aktuaria,31604,Aktuaria,Actuarial Science,S1,Sarjana,Saintek,Fakultas Matematika dan Ilmu Pengetahuan Alam,FMIPA,Kampus UGM Bulaksumur (Yogyakarta),Unggul,382,,60,18,18,24,https://aktuaria.fmipa.ugm.ac.id,UKT Pendidikan Unggul Bersubsidi 100% (Rp 0) s/d UKT Unggul (Rp 11.000.000)
s1-kimia,31605,Kimia,Chemistry,S1,Sarjana,Saintek,Fakultas Matematika dan Ilmu Pengetahuan Alam,FMIPA,Kampus UGM Bulaksumur (Yogyakarta),Unggul,386,RSC; ASIIN,140,42,42,56,https://chem.fmipa.ugm.ac.id,UKT Pendidikan Unggul Bersubsidi 100% (Rp 0) s/d UKT Unggul (Rp 11.000.000)
s1-fisika,31606,Fisika,Physics,S1,Sarjana,Saintek,Fakultas Matematika dan Ilmu Pengetahuan Alam,FMIPA,Kampus UGM Bulaksumur (Yogyakarta),Unggul,382,ASIIN,70,21,21,28,https://physics.fmipa.ugm.ac.id,UKT Pendidikan Unggul Bersubsidi 100% (Rp 0) s/d UKT Unggul (Rp 11.000.000)
s1-geofisika,31607,Geofisika,Geophysics,S1,Sarjana,Saintek,Fakultas Matematika dan Ilmu Pengetahuan Alam,FMIPA,Kampus UGM Bulaksumur (Yogyakarta),Unggul,380,ASIIN,70,21,21,28,https://geofisika.fmipa.ugm.ac.id,UKT Pendidikan Unggul Bersubsidi 100% (Rp 0) s/d UKT Unggul (Rp 11.000.000)
s1-elektronika-dan-instrumentasi,31608,Elektronika dan Instrumentasi,Electronics and Instrumentation (Elins),S1,Sarjana,Saintek,Fakultas Matematika dan Ilmu Pengetahuan Alam,FMIPA,Kampus UGM Bulaksumur (Yogyakarta),Unggul,382,ASIIN,70,21,21,28,https://dcse.fmipa.ugm.ac.id/elins,UKT Pendidikan Unggul Bersubsidi 100% (Rp 0) s/d UKT Unggul (Rp 11.000.000)
s1-hukum,31701,Hukum,Law / Jurisprudence,S1,Sarjana,Soshum,Fakultas Hukum,FH,Kampus UGM Bulaksumur (Yogyakarta),Unggul,390,AUN-QA,330,99,99,132,https://law.ugm.ac.id,UKT Pendidikan Unggul Bersubsidi 100% (Rp 0) s/d UKT Unggul (Rp 10.000.000)
s1-ilmu-hubungan-internasional,31801,Ilmu Hubungan Internasional,International Relations,S1,Sarjana,Soshum,Fakultas Ilmu Sosial dan Ilmu Politik,FISIPOL,Kampus UGM Bulaksumur (Yogyakarta),Unggul,388,AUN-QA,80,24,24,32,https://hi.fisipol.ugm.ac.id,UKT Pendidikan Unggul Bersubsidi 100% (Rp 0) s/d UKT Unggul (Rp 10.000.000)
s1-ilmu-komunikasi,31802,Ilmu Komunikasi,Communication Studies,S1,Sarjana,Soshum,Fakultas Ilmu Sosial dan Ilmu Politik,FISIPOL,Kampus UGM Bulaksumur (Yogyakarta),Unggul,386,AUN-QA,80,24,24,32,https://komunikasi.fisipol.ugm.ac.id,UKT Pendidikan Unggul Bersubsidi 100% (Rp 0) s/d UKT Unggul (Rp 10.000.000)
s1-manajemen-dan-kebijakan-publik,31803,Manajemen dan Kebijakan Publik,Public Policy and Management (MKP),S1,Sarjana,Soshum,Fakultas Ilmu Sosial dan Ilmu Politik,FISIPOL,Kampus UGM Bulaksumur (Yogyakarta),Unggul,384,AUN-QA,80,24,24,32,https://mkp.fisipol.ugm.ac.id,UKT Pendidikan Unggul Bersubsidi 100% (Rp 0) s/d UKT Unggul (Rp 10.000.000)
s1-politik-dan-pemerintahan,31804,Politik dan Pemerintahan,Politics and Government,S1,Sarjana,Soshum,Fakultas Ilmu Sosial dan Ilmu Politik,FISIPOL,Kampus UGM Bulaksumur (Yogyakarta),Unggul,382,,80,24,24,32,https://dpp.fisipol.ugm.ac.id,UKT Pendidikan Unggul Bersubsidi 100% (Rp 0) s/d UKT Unggul (Rp 10.000.000)
s1-psikologi,31901,Psikologi,Psychology,S1,Sarjana,Soshum,Fakultas Psikologi,FPsi,Kampus UGM Bulaksumur (Yogyakarta),Unggul,388,AUN-QA,240,72,72,96,https://psikologi.ugm.ac.id,UKT Pendidikan Unggul Bersubsidi 100% (Rp 0) s/d UKT Unggul (Rp 11.000.000)
s1-biologi,32001,Biologi,Biology,S1,Sarjana,Saintek,Fakultas Biologi,Biologi,Kampus UGM Bulaksumur (Yogyakarta),Unggul,386,ASIIN,220,66,66,88,https://biologi.ugm.ac.id,UKT Pendidikan Unggul Bersubsidi 100% (Rp 0) s/d UKT Unggul (Rp 12.000.000)
s1-agronomi,32101,Agronomi,Agronomy,S1,Sarjana,Agro,Fakultas Pertanian,Pertanian,Kampus UGM Bulaksumur (Yogyakarta),Unggul,380,ASIIN,80,24,24,32,https://faperta.ugm.ac.id/agronomi,UKT Pendidikan Unggul Bersubsidi 100% (Rp 0) s/d UKT Unggul (Rp 10.000.000)
s1-ekonomi-pertanian-dan-agribisnis,32102,Ekonomi Pertanian dan Agribisnis,Agricultural Economics and Agribusiness,S1,Sarjana,Agro,Fakultas Pertanian,Pertanian,Kampus UGM Bulaksumur (Yogyakarta),Unggul,380,ASIIN,80,24,24,32,https://faperta.ugm.ac.id/agribisnis,UKT Pendidikan Unggul Bersubsidi 100% (Rp 0) s/d UKT Unggul (Rp 10.000.000)
s1-akuakultur,32103,Akuakultur (Budidaya Perikanan),Aquaculture,S1,Sarjana,Agro,Fakultas Pertanian,Pertanian,Kampus UGM Bulaksumur (Yogyakarta),Unggul,376,ASIIN,80,24,24,32,https://perikanan.ugm.ac.id,UKT Pendidikan Unggul Bersubsidi 100% (Rp 0) s/d UKT Unggul (Rp 10.000.000)
s1-kehutanan,32201,Kehutanan,Forestry,S1,Sarjana,Agro,Fakultas Kehutanan,Kehutanan,Kampus UGM Bulaksumur (Yogyakarta),Unggul,386,ASIIN,300,90,90,120,https://fkt.ugm.ac.id,UKT Pendidikan Unggul Bersubsidi 100% (Rp 0) s/d UKT Unggul (Rp 10.000.000)
s1-ilmu-dan-industri-peternakan,32301,Ilmu dan Industri Peternakan,Animal Science and Industry,S1,Sarjana,Agro,Fakultas Peternakan,Peternakan,Kampus UGM Bulaksumur (Yogyakarta),Unggul,384,ASIIN,300,90,90,120,https://fapet.ugm.ac.id,UKT Pendidikan Unggul Bersubsidi 100% (Rp 0) s/d UKT Unggul (Rp 10.000.000)
s1-teknik-pertanian,32401,Teknik Pertanian,Agricultural Engineering,S1,Sarjana,Agro,Fakultas Teknologi Pertanian,FTP,Kampus UGM Bulaksumur (Yogyakarta),Unggul,382,IABEE,100,30,30,40,https://tpb.tp.ugm.ac.id,UKT Pendidikan Unggul Bersubsidi 100% (Rp 0) s/d UKT Unggul (Rp 11.000.000)
s1-teknologi-pangan-dan-hasil-pertanian,32402,Teknologi Pangan dan Hasil Pertanian,Food Technology and Agricultural Products,S1,Sarjana,Agro,Fakultas Teknologi Pertanian,FTP,Kampus UGM Bulaksumur (Yogyakarta),Unggul,386,IFT; IABEE,110,33,33,44,https://tip.tp.ugm.ac.id,UKT Pendidikan Unggul Bersubsidi 100% (Rp 0) s/d UKT Unggul (Rp 11.000.000)
s1-kedokteran-hewan,32501,Kedokteran Hewan,Veterinary Medicine,S1,Sarjana,Medika,Fakultas Kedokteran Hewan,FKH,Kampus UGM Bulaksumur (Yogyakarta),Unggul,388,ASIIN,200,60,60,80,https://fkh.ugm.ac.id,UKT Pendidikan Unggul Bersubsidi 100% (Rp 0) s/d UKT Unggul (Rp 15.000.000)
s1-geografi-lingkungan,32601,Geografi Lingkungan,Environmental Geography,S1,Sarjana,Saintek,Fakultas Geografi,Geografi,Kampus UGM Bulaksumur (Yogyakarta),Unggul,384,ASIIN,100,30,30,40,https://geo.ugm.ac.id,UKT Pendidikan Unggul Bersubsidi 100% (Rp 0) s/d UKT Unggul (Rp 11.000.000)
s1-kartografi-dan-penginderaan-jauh,32602,Kartografi dan Penginderaan Jauh,Cartography and Remote Sensing,S1,Sarjana,Saintek,Fakultas Geografi,Geografi,Kampus UGM Bulaksumur (Yogyakarta),Unggul,384,ASIIN,90,27,27,36,https://geo.ugm.ac.id/kpjonline,UKT Pendidikan Unggul Bersubsidi 100% (Rp 0) s/d UKT Unggul (Rp 11.000.000)
s1-sastra-inggris,32701,Sastra Inggris,English Literature,S1,Sarjana,Soshum,Fakultas Ilmu Budaya,FIB,Kampus UGM Bulaksumur (Yogyakarta),Unggul,384,AUN-QA,70,21,21,28,https://fib.ugm.ac.id/sastra-inggris,UKT Pendidikan Unggul Bersubsidi 100% (Rp 0) s/d UKT Unggul (Rp 9.000.000)
s1-arkeologi,32702,Arkeologi,Archaeology,S1,Sarjana,Soshum,Fakultas Ilmu Budaya,FIB,Kampus UGM Bulaksumur (Yogyakarta),Unggul,378,,60,18,18,24,https://fib.ugm.ac.id/arkeologi,UKT Pendidikan Unggul Bersubsidi 100% (Rp 0) s/d UKT Unggul (Rp 9.000.000)
s1-filsafat,32801,Filsafat,Philosophy,S1,Sarjana,Soshum,Fakultas Filsafat,Filsafat,Kampus UGM Bulaksumur (Yogyakarta),Unggul,382,,150,45,45,60,https://filsafat.ugm.ac.id,UKT Pendidikan Unggul Bersubsidi 100% (Rp 0) s/d UKT Unggul (Rp 9.000.000)
d4-teknologi-rekayasa-perangkat-lunak,32901,Teknologi Rekayasa Perangkat Lunak,Software Engineering Technology,D4,Sarjana Terapan,Saintek,Sekolah Vokasi,SV,Kampus UGM Bulaksumur (Yogyakarta),Unggul,380,IABEE,80,24,24,32,https://sv.ugm.ac.id/trpl,UKT Pendidikan Unggul Bersubsidi 100% (Rp 0) s/d UKT Unggul (Rp 12.000.000)
d4-teknologi-rekayasa-internet,32902,Teknologi Rekayasa Internet,Internet Engineering Technology,D4,Sarjana Terapan,Saintek,Sekolah Vokasi,SV,Kampus UGM Bulaksumur (Yogyakarta),Unggul,376,IABEE,70,21,21,28,https://sv.ugm.ac.id/tri,UKT Pendidikan Unggul Bersubsidi 100% (Rp 0) s/d UKT Unggul (Rp 12.000.000)
d4-sistem-informasi-geografis,32903,Sistem Informasi Geografis,Geographic Information Systems,D4,Sarjana Terapan,Saintek,Sekolah Vokasi,SV,Kampus UGM Bulaksumur (Yogyakarta),Unggul,378,,70,21,21,28,https://sv.ugm.ac.id/sig,UKT Pendidikan Unggul Bersubsidi 100% (Rp 0) s/d UKT Unggul (Rp 12.000.000)
d4-akuntansi-sektor-publik,32904,Akuntansi Sektor Publik,Public Sector Accounting,D4,Sarjana Terapan,Soshum,Sekolah Vokasi,SV,Kampus UGM Bulaksumur (Yogyakarta),Unggul,378,,90,27,27,36,https://sv.ugm.ac.id/asp,UKT Pendidikan Unggul Bersubsidi 100% (Rp 0) s/d UKT Unggul (Rp 10.000.000)
d4-teknik-pengelolaan-dan-pemeliharaan-infrastruktur-sipil,32905,Teknik Pengelolaan dan Pemeliharaan Infrastruktur Sipil,Civil Infrastructure Management and Maintenance Technology,D4,Sarjana Terapan,Saintek,Sekolah Vokasi,SV,Kampus UGM Bulaksumur (Yogyakarta),Unggul,376,IABEE,80,24,24,32,https://sv.ugm.ac.id/tppis,UKT Pendidikan Unggul Bersubsidi 100% (Rp 0) s/d UKT Unggul (Rp 12.000.000)
s1-sastra-indonesia,32703,Sastra Indonesia,Indonesian Literature,S1,Sarjana,Soshum,Fakultas Ilmu Budaya,FIB,Kampus UGM Bulaksumur (Yogyakarta),Unggul,382,AUN-QA,70,21,21,28,https://fib.ugm.ac.id/sasindo,UKT Pendidikan Unggul Bersubsidi 100% (Rp 0) s/d UKT Unggul (Rp 9.000.000)
s1-sastra-jepang,32704,Sastra Jepang,Japanese Literature,S1,Sarjana,Soshum,Fakultas Ilmu Budaya,FIB,Kampus UGM Bulaksumur (Yogyakarta),Unggul,380,,60,18,18,24,https://fib.ugm.ac.id/sasjep,UKT Pendidikan Unggul Bersubsidi 100% (Rp 0) s/d UKT Unggul (Rp 9.000.000)
s1-bahasa-dan-kebudayaan-korea,32705,Bahasa dan Kebudayaan Korea,Korean Language and Culture,S1,Sarjana,Soshum,Fakultas Ilmu Budaya,FIB,Kampus UGM Bulaksumur (Yogyakarta),Unggul,382,,60,18,18,24,https://fib.ugm.ac.id/korea,UKT Pendidikan Unggul Bersubsidi 100% (Rp 0) s/d UKT Unggul (Rp 9.000.000)
s1-sejarah,32706,Sejarah,History,S1,Sarjana,Soshum,Fakultas Ilmu Budaya,FIB,Kampus UGM Bulaksumur (Yogyakarta),Unggul,384,AUN-QA,60,18,18,24,https://sejarah.fib.ugm.ac.id,UKT Pendidikan Unggul Bersubsidi 100% (Rp 0) s/d UKT Unggul (Rp 9.000.000)
s1-pariwisata,32707,Pariwisata,Tourism Studies,S1,Sarjana,Soshum,Fakultas Ilmu Budaya,FIB,Kampus UGM Bulaksumur (Yogyakarta),Unggul,380,,70,21,21,28,https://pariwisata.fib.ugm.ac.id,UKT Pendidikan Unggul Bersubsidi 100% (Rp 0) s/d UKT Unggul (Rp 9.000.000)
s1-pembangunan-sosial-dan-kesejahteraan,31805,Pembangunan Sosial dan Kesejahteraan,Social Development and Welfare (PSdK),S1,Sarjana,Soshum,Fakultas Ilmu Sosial dan Ilmu Politik,FISIPOL,Kampus UGM Bulaksumur (Yogyakarta),Unggul,382,,80,24,24,32,https://psdk.fisipol.ugm.ac.id,UKT Pendidikan Unggul Bersubsidi 100% (Rp 0) s/d UKT Unggul (Rp 10.000.000)
s1-sosiologi,31806,Sosiologi,Sociology,S1,Sarjana,Soshum,Fakultas Ilmu Sosial dan Ilmu Politik,FISIPOL,Kampus UGM Bulaksumur (Yogyakarta),Unggul,380,,80,24,24,32,https://sosiologi.fisipol.ugm.ac.id,UKT Pendidikan Unggul Bersubsidi 100% (Rp 0) s/d UKT Unggul (Rp 10.000.000)
s1-ilmu-tanah,32104,Ilmu Tanah,Soil Science,S1,Sarjana,Agro,Fakultas Pertanian,Pertanian,Kampus UGM Bulaksumur (Yogyakarta),Unggul,380,ASIIN,80,24,24,32,https://soil.faperta.ugm.ac.id,UKT Pendidikan Unggul Bersubsidi 100% (Rp 0) s/d UKT Unggul (Rp 10.000.000)
s1-mikrobiologi-pertanian,32105,Mikrobiologi Pertanian,Agricultural Microbiology,S1,Sarjana,Agro,Fakultas Pertanian,Pertanian,Kampus UGM Bulaksumur (Yogyakarta),Unggul,380,ASIIN,60,18,18,24,https://mikro.faperta.ugm.ac.id,UKT Pendidikan Unggul Bersubsidi 100% (Rp 0) s/d UKT Unggul (Rp 10.000.000)
s1-proteksi-tanaman,32106,Proteksi Tanaman,Plant Protection,S1,Sarjana,Agro,Fakultas Pertanian,Pertanian,Kampus UGM Bulaksumur (Yogyakarta),Unggul,380,ASIIN,80,24,24,32,https://proteksi.faperta.ugm.ac.id,UKT Pendidikan Unggul Bersubsidi 100% (Rp 0) s/d UKT Unggul (Rp 10.000.000)
s1-teknologi-industri-pertanian,32403,Teknologi Industri Pertanian,Agro-industrial Technology (TIP),S1,Sarjana,Agro,Fakultas Teknologi Pertanian,FTP,Kampus UGM Bulaksumur (Yogyakarta),Unggul,384,IABEE,110,33,33,44,https://tip.tp.ugm.ac.id/tip,UKT Pendidikan Unggul Bersubsidi 100% (Rp 0) s/d UKT Unggul (Rp 11.000.000)
s1-pembangunan-wilayah,32603,Pembangunan Wilayah,Regional Development,S1,Sarjana,Saintek,Fakultas Geografi,Geografi,Kampus UGM Bulaksumur (Yogyakarta),Unggul,382,ASIIN,90,27,27,36,https://geo.ugm.ac.id/pw,UKT Pendidikan Unggul Bersubsidi 100% (Rp 0) s/d UKT Unggul (Rp 11.000.000)
d4-teknologi-rekayasa-elektro,32906,Teknologi Rekayasa Elektro,Electrical Engineering Technology,D4,Sarjana Terapan,Saintek,Sekolah Vokasi,SV,Kampus UGM Bulaksumur (Yogyakarta),Unggul,376,IABEE,70,21,21,28,https://sv.ugm.ac.id/tre,UKT Pendidikan Unggul Bersubsidi 100% (Rp 0) s/d UKT Unggul (Rp 12.000.000)
d4-teknologi-rekayasa-mesin,32907,Teknologi Rekayasa Mesin,Mechanical Engineering Technology,D4,Sarjana Terapan,Saintek,Sekolah Vokasi,SV,Kampus UGM Bulaksumur (Yogyakarta),Unggul,376,IABEE,70,21,21,28,https://sv.ugm.ac.id/trm,UKT Pendidikan Unggul Bersubsidi 100% (Rp 0) s/d UKT Unggul (Rp 12.000.000)
d4-manajemen-informasi-kesehatan,32908,Manajemen Informasi Kesehatan,Health Information Management,D4,Sarjana Terapan,Medika,Sekolah Vokasi,SV,Kampus UGM Bulaksumur (Yogyakarta),Unggul,378,,60,18,18,24,https://sv.ugm.ac.id/mik,UKT Pendidikan Unggul Bersubsidi 100% (Rp 0) s/d UKT Unggul (Rp 11.000.000)
d4-perbankan,32909,Perbankan,Banking and Financial Services,D4,Sarjana Terapan,Soshum,Sekolah Vokasi,SV,Kampus UGM Bulaksumur (Yogyakarta),Unggul,374,,80,24,24,32,https://sv.ugm.ac.id/perbankan,UKT Pendidikan Unggul Bersubsidi 100% (Rp 0) s/d UKT Unggul (Rp 10.000.000)
d4-pengelolaan-hutan,32910,Pengelolaan Hutan,Forest Management,D4,Sarjana Terapan,Agro,Sekolah Vokasi,SV,Kampus UGM Bulaksumur (Yogyakarta),Unggul,374,,70,21,21,28,https://sv.ugm.ac.id/pengelolaan-hutan,UKT Pendidikan Unggul Bersubsidi 100% (Rp 0) s/d UKT Unggul (Rp 10.000.000)
s2-magister-manajemen,33001,Magister Manajemen,Master of Business Administration (MM UGM),S2,Magister,Bisnis & Manajemen,Fakultas Ekonomika dan Bisnis,FEB,Kampus UGM Yogyakarta & Jakarta,Unggul,390,AACSB,200,0,0,200,https://mm.feb.ugm.ac.id,Rp 26.000.000 - Rp 38.000.000 per semester
s2-magister-administrasi-publik,33002,Magister Administrasi Publik,Master of Public Administration (MAP UGM),S2,Magister,Soshum,Fakultas Ilmu Sosial dan Ilmu Politik,FISIPOL,Kampus UGM Bulaksumur (Yogyakarta),Unggul,386,,120,0,0,120,https://map.fisipol.ugm.ac.id,Rp 15.000.000 per semester
